library,tool,run,threads,exit_status,scored,wall_clock_s,peak_rss_gb,time_swaps,major_page_faults,pswpin_pages,pswpout_pages,user_s,sys_s,cpu_pct,sensitivity_pct,fpr_pct,time_file
SYN-CHM13-01,bmtagger,1,8,0,yes,371.6,8.0021,0,0,0,0,352.4,18.95,99,100.0,0.0002,yes
SYN-CHM13-01,bmtagger,2,8,0,yes,372.26,8.0021,0,0,0,0,352.62,19.35,99,100.0,0.0002,yes
SYN-CHM13-01,bmtagger,3,8,0,yes,387.18,8.0001,0,0,0,0,367.5,19.43,99,100.0,0.0002,yes
SYN-CHM13-01,hostile_default,1,8,0,yes,27.22,2.9637,0,0,0,0,158.47,61.04,806,100.0,0.0,yes
SYN-CHM13-01,hostile_default,2,8,0,yes,26.99,2.9663,0,0,0,0,156.79,62.2,811,100.0,0.0,yes
SYN-CHM13-01,hostile_default,3,8,0,yes,27.18,2.9667,0,0,0,0,159.07,60.26,806,100.0,0.0,yes
SYN-CHM13-01,hostile_matched,1,8,0,yes,27.06,3.4855,0,0,0,0,155.19,63.01,806,100.0,0.0,yes
SYN-CHM13-01,hostile_matched,2,8,0,yes,26.92,3.4807,0,0,0,0,156.2,62.51,812,100.0,0.0,yes
SYN-CHM13-01,hostile_matched,3,8,0,yes,26.59,3.4812,0,0,0,0,150.78,63.34,805,100.0,0.0,yes
SYN-CHM13-01,hostsweep,1,8,0,yes,138.75,11.332,0,0,0,0,810.15,58.48,241,100.0,0.0099,yes
SYN-CHM13-01,hostsweep,2,8,0,yes,137.65,11.3252,0,0,0,0,820.46,57.0,244,100.0,0.0099,yes
SYN-CHM13-01,hostsweep,3,8,0,yes,139.12,11.3259,0,0,0,0,816.9,58.3,243,100.0,0.0099,yes
SYN-CHM13-01,kneaddata,1,8,0,yes,55.42,5.0449,0,0,0,0,61.57,10.82,130,100.0,0.4258,yes
SYN-CHM13-01,kneaddata,2,8,0,yes,54.79,5.0884,0,0,0,0,58.47,10.54,125,100.0,0.4258,yes
SYN-CHM13-01,kneaddata,3,8,0,yes,54.83,5.1618,0,0,0,0,58.66,10.51,126,100.0,0.4258,yes
SYN-CHM13-02,bmtagger,1,8,0,yes,371.61,8.0021,0,0,0,0,352.38,18.94,99,100.0,0.0003,yes
SYN-CHM13-02,bmtagger,2,8,0,yes,369.9,8.003,0,0,0,0,351.85,17.81,99,100.0,0.0003,yes
SYN-CHM13-02,bmtagger,3,8,0,yes,385.46,8.0031,0,0,0,0,366.64,18.58,99,100.0,0.0003,yes
SYN-CHM13-02,hostile_default,1,8,0,yes,26.85,3.3657,0,0,0,0,156.99,60.77,810,100.0,0.0,yes
SYN-CHM13-02,hostile_default,2,8,0,yes,27.23,3.366,0,0,0,0,159.4,60.78,808,100.0,0.0,yes
SYN-CHM13-02,hostile_default,3,8,0,yes,27.06,3.3696,0,0,0,0,158.32,59.56,805,100.0,0.0,yes
SYN-CHM13-02,hostile_matched,1,8,0,yes,26.78,3.4898,0,0,0,0,156.52,60.02,808,100.0,0.0,yes
SYN-CHM13-02,hostile_matched,2,8,0,yes,26.9,3.4866,0,0,0,0,155.86,60.91,805,100.0,0.0,yes
SYN-CHM13-02,hostile_matched,3,8,0,yes,26.9,3.4895,0,0,0,0,155.53,61.88,808,100.0,0.0,yes
SYN-CHM13-02,hostsweep,1,8,0,yes,137.72,11.3485,0,0,0,0,811.31,57.32,242,100.0,0.0103,yes
SYN-CHM13-02,hostsweep,2,8,0,yes,135.73,11.3472,0,0,0,0,811.09,56.97,243,100.0,0.0103,yes
SYN-CHM13-02,hostsweep,3,8,0,yes,136.67,11.3422,0,0,0,0,811.46,56.09,242,100.0,0.0103,yes
SYN-CHM13-02,kneaddata,1,8,0,yes,57.0,5.0491,0,0,0,0,62.45,12.46,131,100.0,0.4276,yes
SYN-CHM13-02,kneaddata,2,8,0,yes,57.0,4.8049,0,0,0,0,60.18,11.64,126,100.0,0.4276,yes
SYN-CHM13-02,kneaddata,3,8,0,yes,57.16,5.1026,0,0,0,0,61.64,11.29,127,100.0,0.4276,yes
SYN-CHM13-03,bmtagger,1,8,0,yes,376.05,8.0021,0,0,0,0,357.84,18.01,99,100.0,0.0002,yes
SYN-CHM13-03,bmtagger,2,8,0,yes,373.62,8.0021,0,0,0,0,355.32,17.98,99,100.0,0.0002,yes
SYN-CHM13-03,bmtagger,3,8,0,yes,374.66,8.0021,0,0,0,0,356.43,18.05,99,100.0,0.0002,yes
SYN-CHM13-03,hostile_default,1,8,0,yes,26.94,3.49,0,0,0,0,159.16,59.83,812,100.0,0.0,yes
SYN-CHM13-03,hostile_default,2,8,0,yes,26.86,3.4899,0,0,0,0,158.37,59.63,811,100.0,0.0,yes
SYN-CHM13-03,hostile_default,3,8,0,yes,26.7,3.4892,0,0,0,0,156.9,57.99,804,100.0,0.0,yes
SYN-CHM13-03,hostile_matched,1,8,0,yes,26.84,3.4984,0,1,0,0,155.23,61.99,809,100.0,0.0,yes
SYN-CHM13-03,hostile_matched,2,8,0,yes,26.59,3.4975,0,0,0,0,154.94,60.27,809,100.0,0.0,yes
SYN-CHM13-03,hostile_matched,3,8,0,yes,26.37,3.4967,0,0,0,0,152.71,60.94,810,100.0,0.0,yes
SYN-CHM13-03,hostsweep,1,8,0,yes,133.82,11.3546,0,0,0,0,809.49,56.18,243,100.0,0.0102,yes
SYN-CHM13-03,hostsweep,2,8,0,yes,133.42,11.355,0,0,0,0,812.55,57.36,245,100.0,0.0102,yes
SYN-CHM13-03,hostsweep,3,8,0,yes,133.66,11.3542,0,0,0,0,816.15,56.82,245,100.0,0.0102,yes
SYN-CHM13-03,kneaddata,1,8,0,yes,57.84,4.8623,0,0,0,0,61.8,11.41,126,100.0,0.4293,yes
SYN-CHM13-03,kneaddata,2,8,0,yes,57.9,5.2357,0,0,0,0,57.34,12.64,120,100.0,0.4293,yes
SYN-CHM13-03,kneaddata,3,8,0,yes,57.67,5.0485,0,0,0,0,61.01,11.72,126,100.0,0.4293,yes
SYN-CHM13-04,bmtagger,1,8,0,yes,355.59,8.003,0,0,0,0,337.25,18.13,99,100.0,0.0002,yes
SYN-CHM13-04,bmtagger,2,8,0,yes,354.71,8.0021,0,0,0,0,337.02,17.44,99,100.0,0.0002,yes
SYN-CHM13-04,bmtagger,3,8,0,yes,363.38,8.0021,0,0,0,0,345.69,17.42,99,100.0,0.0002,yes
SYN-CHM13-04,hostile_default,1,8,0,yes,25.75,3.5705,0,0,0,0,162.64,49.5,823,100.0,0.0,yes
SYN-CHM13-04,hostile_default,2,8,0,yes,25.54,3.5705,0,0,0,0,161.57,48.07,820,100.0,0.0,yes
SYN-CHM13-04,hostile_default,3,8,0,yes,25.89,3.5705,0,0,0,0,162.45,49.32,817,100.0,0.0,yes
SYN-CHM13-04,hostile_matched,1,8,0,yes,25.77,3.4905,0,1,0,0,156.71,54.84,820,100.0,0.0,yes
SYN-CHM13-04,hostile_matched,2,8,0,yes,25.76,3.4847,0,0,0,0,157.08,51.6,809,100.0,0.0,yes
SYN-CHM13-04,hostile_matched,3,8,0,yes,25.57,3.4874,0,0,0,0,155.68,53.44,817,100.0,0.0,yes
SYN-CHM13-04,hostsweep,1,8,0,yes,135.91,11.4059,0,0,0,0,824.24,55.03,246,100.0,0.0101,yes
SYN-CHM13-04,hostsweep,2,8,0,yes,134.93,11.4017,0,0,0,0,826.22,56.36,247,100.0,0.0101,yes
SYN-CHM13-04,hostsweep,3,8,0,yes,135.23,11.4091,0,0,0,0,823.84,55.5,246,100.0,0.0101,yes
SYN-CHM13-04,kneaddata,1,8,0,yes,69.49,4.8968,0,0,0,0,59.26,11.68,102,100.0,0.4221,yes
SYN-CHM13-04,kneaddata,2,8,0,yes,69.02,4.9464,0,0,0,0,59.15,12.03,103,100.0,0.4221,yes
SYN-CHM13-04,kneaddata,3,8,0,yes,69.3,4.7555,0,0,0,0,60.5,11.97,104,100.0,0.4221,yes
SYN-CHM13-05,bmtagger,1,8,0,yes,346.03,8.003,0,0,0,0,328.03,17.75,99,100.0,0.0002,yes
SYN-CHM13-05,bmtagger,2,8,0,yes,353.6,8.0021,0,0,0,0,335.83,17.51,99,100.0,0.0002,yes
SYN-CHM13-05,bmtagger,3,8,0,yes,355.45,8.003,0,0,0,0,337.39,17.73,99,100.0,0.0002,yes
SYN-CHM13-05,hostile_default,1,8,0,yes,24.48,3.5739,0,0,0,0,165.55,38.2,832,99.9995,0.0,yes
SYN-CHM13-05,hostile_default,2,8,0,yes,24.62,3.5748,0,0,0,0,164.85,39.46,829,99.9995,0.0,yes
SYN-CHM13-05,hostile_default,3,8,0,yes,24.51,3.5736,0,0,0,0,163.98,39.51,830,99.9995,0.0,yes
SYN-CHM13-05,hostile_matched,1,8,0,yes,24.35,3.4906,0,0,0,0,158.56,43.22,828,99.9995,0.0,yes
SYN-CHM13-05,hostile_matched,2,8,0,yes,24.37,3.4953,0,0,0,0,159.46,43.84,833,99.9995,0.0,yes
SYN-CHM13-05,hostile_matched,3,8,0,yes,24.26,3.4906,0,0,0,0,159.77,42.57,833,99.9995,0.0,yes
SYN-CHM13-05,hostsweep,1,8,0,yes,124.82,11.4126,0,0,0,0,824.55,53.99,252,100.0,0.0096,yes
SYN-CHM13-05,hostsweep,2,8,0,yes,123.76,11.4131,0,0,0,0,829.9,53.93,254,100.0,0.0096,yes
SYN-CHM13-05,hostsweep,3,8,0,yes,125.02,11.4136,0,0,0,0,820.91,53.64,251,100.0,0.0096,yes
SYN-CHM13-05,kneaddata,1,8,0,yes,82.03,5.0989,0,0,0,0,58.23,11.98,85,100.0,0.4292,yes
SYN-CHM13-05,kneaddata,2,8,0,yes,82.09,5.1623,0,0,0,0,57.35,12.07,84,100.0,0.4292,yes
SYN-CHM13-05,kneaddata,3,8,0,yes,82.34,4.9328,0,0,0,0,59.84,11.7,86,100.0,0.4292,yes
SYN-CHM13-06,bmtagger,1,8,0,yes,328.55,8.0021,0,0,0,0,311.11,17.23,99,99.9997,0.0003,yes
SYN-CHM13-06,bmtagger,2,8,0,yes,325.17,8.0021,0,0,0,0,307.49,17.46,99,99.9997,0.0003,yes
SYN-CHM13-06,bmtagger,3,8,0,yes,323.23,8.0011,0,0,0,0,305.93,17.13,99,99.9997,0.0003,yes
SYN-CHM13-06,hostile_default,1,8,0,yes,22.02,3.5815,0,1,0,0,170.74,20.66,869,99.9997,0.0,yes
SYN-CHM13-06,hostile_default,2,8,0,yes,22.25,3.5804,0,0,0,0,171.75,20.74,865,99.9997,0.0,yes
SYN-CHM13-06,hostile_default,3,8,0,yes,22.12,3.5775,0,0,0,0,173.9,16.49,860,99.9997,0.0,yes
SYN-CHM13-06,hostile_matched,1,8,0,yes,22.2,3.4977,0,0,0,0,166.91,25.03,864,99.9997,0.0,yes
SYN-CHM13-06,hostile_matched,2,8,0,yes,22.16,3.4933,0,0,0,0,168.28,23.88,867,99.9997,0.0,yes
SYN-CHM13-06,hostile_matched,3,8,0,yes,21.86,3.498,0,0,0,0,164.47,23.42,859,99.9997,0.0,yes
SYN-CHM13-06,hostsweep,1,8,0,yes,95.33,11.4352,0,0,0,0,812.29,52.74,268,100.0,0.0099,yes
SYN-CHM13-06,hostsweep,2,8,0,yes,93.43,11.4383,0,0,0,0,813.2,50.74,269,100.0,0.0099,yes
SYN-CHM13-06,hostsweep,3,8,0,yes,94.51,11.4276,0,0,0,0,810.65,50.93,268,100.0,0.0099,yes
SYN-CHM13-06,kneaddata,1,8,0,yes,109.0,4.8552,0,0,0,0,58.21,11.24,63,100.0,0.4246,yes
SYN-CHM13-06,kneaddata,2,8,0,yes,108.53,5.0173,0,0,0,0,56.15,12.34,63,100.0,0.4246,yes
SYN-CHM13-06,kneaddata,3,8,0,yes,107.44,4.855,0,0,0,0,57.48,11.35,64,100.0,0.4246,yes
SYN-CHM13-07,bmtagger,1,8,0,yes,297.53,8.0021,0,0,0,0,280.01,17.29,99,99.9999,0.0002,yes
SYN-CHM13-07,bmtagger,2,8,0,yes,301.57,8.0011,0,0,0,0,284.59,16.8,99,99.9999,0.0002,yes
SYN-CHM13-07,bmtagger,3,8,0,yes,299.09,8.003,0,0,0,0,282.3,16.55,99,99.9999,0.0002,yes
SYN-CHM13-07,hostile_default,1,8,0,yes,30.71,3.5634,0,0,0,0,217.03,15.34,756,99.9997,0.0,yes
SYN-CHM13-07,hostile_default,2,8,0,yes,31.09,3.5645,0,0,0,0,219.59,15.39,755,99.9997,0.0,yes
SYN-CHM13-07,hostile_default,3,8,0,yes,29.93,3.5654,0,0,0,0,211.96,16.4,762,99.9997,0.0,yes
SYN-CHM13-07,hostile_matched,1,8,0,yes,28.62,3.4819,0,0,0,0,204.56,12.35,757,99.9997,0.0,yes
SYN-CHM13-07,hostile_matched,2,8,0,yes,28.3,3.4804,0,0,0,0,202.86,12.19,759,99.9997,0.0,yes
SYN-CHM13-07,hostile_matched,3,8,0,yes,27.86,3.4821,0,0,0,0,199.6,12.88,762,99.9997,0.0,yes
SYN-CHM13-07,hostsweep,1,8,0,yes,83.89,11.463,0,0,0,0,800.11,47.31,313,100.0,0.0101,yes
SYN-CHM13-07,hostsweep,2,8,0,yes,87.19,11.4692,0,0,0,0,809.71,48.45,314,100.0,0.0101,yes
SYN-CHM13-07,hostsweep,3,8,0,yes,84.23,11.4686,0,0,0,0,797.78,47.49,312,100.0,0.0101,yes
SYN-CHM13-07,kneaddata,1,8,0,yes,162.89,5.1395,0,0,0,0,62.11,11.57,45,100.0,0.4239,yes
SYN-CHM13-07,kneaddata,2,8,0,yes,161.84,4.9007,0,0,0,0,55.2,10.62,40,100.0,0.4239,yes
SYN-CHM13-07,kneaddata,3,8,0,yes,162.48,5.4092,0,0,0,0,60.9,11.04,44,100.0,0.4239,yes
SYN-CHM13-08,bmtagger,1,8,0,yes,368.67,8.003,0,0,0,0,350.74,17.67,99,100.0,0.0002,yes
SYN-CHM13-08,bmtagger,2,8,0,yes,376.38,8.0021,0,0,0,0,358.16,17.98,99,100.0,0.0002,yes
SYN-CHM13-08,bmtagger,3,8,0,yes,368.38,8.0031,0,0,0,0,349.84,18.32,99,100.0,0.0002,yes
SYN-CHM13-08,hostile_default,1,8,0,yes,25.72,3.5683,0,0,0,0,160.88,48.57,814,99.999,0.0,yes
SYN-CHM13-08,hostile_default,2,8,0,yes,25.52,3.5693,0,0,0,0,161.23,48.81,822,99.999,0.0,yes
SYN-CHM13-08,hostile_default,3,8,0,yes,25.58,3.5696,0,0,0,0,161.96,48.36,822,99.999,0.0,yes
SYN-CHM13-08,hostile_matched,1,8,0,yes,25.59,3.488,0,0,0,0,155.92,53.8,819,99.999,0.0,yes
SYN-CHM13-08,hostile_matched,2,8,0,yes,25.66,3.4867,0,0,0,0,151.83,56.9,813,99.999,0.0,yes
SYN-CHM13-08,hostile_matched,3,8,0,yes,25.6,3.4854,0,0,0,0,158.45,51.36,819,99.999,0.0,yes
SYN-CHM13-08,hostsweep,1,8,0,yes,137.63,11.4081,0,0,0,0,838.79,54.93,249,100.0,0.01,yes
SYN-CHM13-08,hostsweep,2,8,0,yes,139.33,11.3954,0,0,0,0,855.01,54.9,252,100.0,0.01,yes
SYN-CHM13-08,hostsweep,3,8,0,yes,135.46,11.3978,0,0,0,0,827.02,54.0,246,100.0,0.01,yes
SYN-CHM13-08,kneaddata,1,8,0,yes,70.59,5.2314,0,0,0,0,58.09,11.84,99,100.0,0.4251,yes
SYN-CHM13-08,kneaddata,2,8,0,yes,70.65,5.0305,0,0,0,0,58.59,11.79,99,100.0,0.4251,yes
SYN-CHM13-08,kneaddata,3,8,0,yes,70.7,4.9069,0,0,0,0,60.52,11.67,102,100.0,0.4251,yes
SYN-CHM13-09,bmtagger,1,8,0,yes,352.59,8.0021,0,0,0,0,333.99,18.37,99,99.9995,0.0002,yes
SYN-CHM13-09,bmtagger,2,8,0,yes,348.33,8.0021,0,0,0,0,330.0,18.1,99,99.9995,0.0002,yes
SYN-CHM13-09,bmtagger,3,8,0,yes,350.5,8.0031,0,0,0,0,332.53,17.76,99,99.9995,0.0002,yes
SYN-CHM13-09,hostile_default,1,8,0,yes,24.75,3.5745,0,1,0,0,165.17,39.84,828,100.0,0.0,yes
SYN-CHM13-09,hostile_default,2,8,0,yes,24.33,3.5761,0,0,0,0,160.36,42.2,832,100.0,0.0,yes
SYN-CHM13-09,hostile_default,3,8,0,yes,24.54,3.575,0,0,0,0,165.78,39.58,836,100.0,0.0,yes
SYN-CHM13-09,hostile_matched,1,8,0,yes,24.49,3.4935,0,0,0,0,157.84,44.98,828,100.0,0.0,yes
SYN-CHM13-09,hostile_matched,2,8,0,yes,24.3,3.4923,0,0,0,0,160.75,42.93,837,100.0,0.0,yes
SYN-CHM13-09,hostile_matched,3,8,0,yes,24.81,3.4928,0,0,0,0,163.89,42.56,831,100.0,0.0,yes
SYN-CHM13-09,hostsweep,1,8,0,yes,124.42,11.4202,0,0,0,0,830.05,52.8,254,100.0,0.0093,yes
SYN-CHM13-09,hostsweep,2,8,0,yes,123.74,11.4178,0,0,0,0,824.61,53.23,253,100.0,0.0093,yes
SYN-CHM13-09,hostsweep,3,8,0,yes,124.41,11.4119,0,0,0,0,827.13,53.61,253,100.0,0.0093,yes
SYN-CHM13-09,kneaddata,1,8,0,yes,82.79,4.9388,0,0,0,0,61.03,11.59,87,100.0,0.4216,yes
SYN-CHM13-09,kneaddata,2,8,0,yes,83.11,4.683,0,0,0,0,59.18,9.84,83,100.0,0.4216,yes
SYN-CHM13-09,kneaddata,3,8,0,yes,82.27,4.6663,0,0,0,0,59.35,10.24,84,100.0,0.4216,yes
SYN-IND-01,bmtagger,1,8,0,yes,372.11,8.0021,0,0,0,0,353.19,18.71,99,99.925,0.0002,yes
SYN-IND-01,bmtagger,2,8,0,yes,375.86,8.003,0,0,0,0,357.17,18.39,99,99.925,0.0002,yes
SYN-IND-01,bmtagger,3,8,0,yes,374.72,8.003,0,0,0,0,356.64,17.82,99,99.925,0.0002,yes
SYN-IND-01,hostile_default,1,8,0,yes,26.69,3.5181,0,0,0,0,158.12,58.55,811,99.815,0.0,yes
SYN-IND-01,hostile_default,2,8,0,yes,26.89,3.5146,0,0,0,0,159.1,59.03,811,99.815,0.0,yes
SYN-IND-01,hostile_default,3,8,0,yes,26.96,3.5121,0,0,0,0,159.01,59.25,809,99.815,0.0,yes
SYN-IND-01,hostile_matched,1,8,0,yes,26.68,3.5235,0,0,0,0,155.71,60.6,810,99.81,0.0,yes
SYN-IND-01,hostile_matched,2,8,0,yes,26.97,3.5235,0,0,0,0,156.54,60.66,805,99.81,0.0,yes
SYN-IND-01,hostile_matched,3,8,0,yes,26.68,3.5246,0,0,0,0,151.61,63.96,807,99.81,0.0,yes
SYN-IND-01,hostsweep,1,8,0,yes,132.96,11.3356,0,0,0,0,812.39,56.0,244,99.98,0.0104,yes
SYN-IND-01,hostsweep,2,8,0,yes,134.71,11.3359,0,0,0,0,819.97,54.19,245,99.98,0.0104,yes
SYN-IND-01,hostsweep,3,8,0,yes,133.67,11.3366,0,0,0,0,812.41,56.33,244,99.98,0.0104,yes
SYN-IND-01,kneaddata,1,8,0,yes,57.97,4.6833,0,0,0,0,58.03,10.46,118,99.955,0.4267,yes
SYN-IND-01,kneaddata,2,8,0,yes,57.76,4.9953,0,0,0,0,58.78,10.36,119,99.955,0.4267,yes
SYN-IND-01,kneaddata,3,8,0,yes,57.9,5.0855,0,0,0,0,56.53,10.95,116,99.955,0.4267,yes
SYN-NEU-02,bmtagger,1,8,0,yes,353.53,8.0021,0,0,0,0,335.26,18.02,99,99.9575,0.0001,yes
SYN-NEU-02,bmtagger,2,8,0,yes,386.95,8.003,0,0,0,0,367.91,18.8,99,99.9575,0.0001,yes
SYN-NEU-02,bmtagger,3,8,0,yes,370.17,8.0021,0,0,0,0,351.89,18.06,99,99.9575,0.0001,yes
SYN-NEU-02,hostile_default,1,8,0,yes,24.64,3.6251,0,0,0,0,168.12,37.15,832,99.908,0.0,yes
SYN-NEU-02,hostile_default,2,8,0,yes,24.43,3.6259,0,0,0,0,169.53,36.85,844,99.908,0.0,yes
SYN-NEU-02,hostile_default,3,8,0,yes,24.64,3.6291,0,0,0,0,167.93,39.28,840,99.908,0.0,yes
SYN-NEU-02,hostile_matched,1,8,0,yes,24.5,3.5551,0,0,0,0,162.97,42.16,837,99.9075,0.0,yes
SYN-NEU-02,hostile_matched,2,8,0,yes,24.47,3.5543,0,0,0,0,161.89,42.85,836,99.9075,0.0,yes
SYN-NEU-02,hostile_matched,3,8,0,yes,24.41,3.5512,0,0,0,0,163.95,40.73,838,99.9075,0.0,yes
SYN-NEU-02,hostsweep,1,8,0,yes,121.81,11.3668,0,0,0,0,817.43,54.17,252,99.985,0.0099,yes
SYN-NEU-02,hostsweep,2,8,0,yes,122.17,11.3608,0,0,0,0,812.92,52.83,250,99.985,0.0099,yes
SYN-NEU-02,hostsweep,3,8,0,yes,119.89,11.366,0,0,0,0,802.91,52.93,249,99.985,0.0099,yes
SYN-NEU-02,kneaddata,1,8,0,yes,85.54,4.9379,0,0,0,0,59.64,11.04,82,99.978,0.4233,yes
SYN-NEU-02,kneaddata,2,8,0,yes,85.18,5.1154,0,0,0,0,59.5,11.46,83,99.978,0.4233,yes
SYN-NEU-02,kneaddata,3,8,0,yes,86.0,5.0396,0,0,0,0,59.35,12.26,83,99.978,0.4233,yes
SYN-NEU-03,bmtagger,1,8,0,yes,349.82,8.0021,0,0,0,0,331.44,18.11,99,99.9543,0.0002,yes
SYN-NEU-03,bmtagger,2,8,0,yes,336.26,8.0021,0,0,0,0,318.43,17.55,99,99.9543,0.0002,yes
SYN-NEU-03,bmtagger,3,8,0,yes,335.63,8.0021,0,0,0,0,317.66,17.74,99,99.9543,0.0002,yes
SYN-NEU-03,hostile_default,1,8,0,yes,23.65,3.6036,0,0,0,0,185.5,16.28,852,99.8765,0.0,yes
SYN-NEU-03,hostile_default,2,8,0,yes,23.88,3.6045,0,0,0,0,186.62,16.25,849,99.8765,0.0,yes
SYN-NEU-03,hostile_default,3,8,0,yes,23.7,3.6064,0,0,0,0,185.43,16.61,852,99.8765,0.0,yes
SYN-NEU-03,hostile_matched,1,8,0,yes,21.52,3.5625,0,0,0,0,170.77,16.94,872,99.8762,0.0,yes
SYN-NEU-03,hostile_matched,2,8,0,yes,21.9,3.5635,0,0,0,0,172.26,17.75,867,99.8762,0.0,yes
SYN-NEU-03,hostile_matched,3,8,0,yes,21.77,3.5656,0,0,0,0,171.98,18.13,873,99.8762,0.0,yes
SYN-NEU-03,hostsweep,1,8,0,yes,87.5,11.3856,0,0,0,0,777.54,51.62,262,99.98,0.0105,yes
SYN-NEU-03,hostsweep,2,8,0,yes,92.91,11.3882,0,0,0,0,797.31,52.24,265,99.98,0.0105,yes
SYN-NEU-03,hostsweep,3,8,0,yes,87.8,11.3848,0,0,0,0,782.25,51.95,264,99.98,0.0105,yes
SYN-NEU-03,kneaddata,1,8,0,yes,114.66,5.4003,0,0,0,0,57.16,11.71,60,99.9745,0.4304,yes
SYN-NEU-03,kneaddata,2,8,0,yes,114.56,6.1027,0,0,0,0,56.54,12.82,60,99.9745,0.4304,yes
SYN-NEU-03,kneaddata,3,8,0,yes,114.92,5.326,0,0,0,0,58.51,10.84,60,99.9745,0.4304,yes
